ID,TargetF1,TargetRAUC
ID_E760D84B,0,0.3966199573441013
ID_6EDEA907,1,0.6500065436886998
ID_B9FFC8D8,1,0.5112925474872012
ID_74C6C94E,1,0.5019671940804612
ID_0E02825D,1,0.8084225175123673
ID_DA1C6468,1,0.7053676975388934
ID_82EBD610,1,0.7141318107763335
ID_791C412A,1,0.9140258033168327
ID_8FB9365C,1,0.6151938523042291
ID_724491A7,0,0.4649796840131313
ID_95C83AE3,1,0.6282485849528927
ID_6650ABA4,1,0.913797055410365
ID_92412BFC,1,0.9150906415024509
ID_257F4327,1,0.9141554181429387
ID_CD7A50F0,1,0.9013911398270754
ID_8A80F1B6,1,0.906342879352737
ID_90DB7797,1,0.8919218712749557
ID_4FF46045,1,0.7193401055394368
ID_33E6AFA0,0,0.49484724526582663
ID_FF308DAB,1,0.6788081949337518
ID_E6335ACF,1,0.9180787739260261
ID_00A5C192,1,0.9142813445808845
ID_C644EA64,1,0.8133974780411065
ID_B922D5B3,1,0.6942190924269815
ID_4922E479,1,0.6801277551069932
ID_1B6F3B46,1,0.8949970706250157
ID_1E3C23E7,1,0.9135358818668569
ID_C9E61B00,1,0.9120234419068729
ID_3A4C3214,1,0.9203200260529085
ID_B70DC075,1,0.9209481001538754
ID_37FEC45E,1,0.9208484707373424
ID_04E5F26F,1,0.9179561263177578
ID_CED509CF,1,0.9179811682593139
ID_DCD98292,1,0.6878206975237368
ID_FEFAA255,1,0.6773821038434525
ID_1C24DA16,1,0.9158491323378257
ID_0FB18B11,1,0.9217768287480517
ID_EB1ED24C,1,0.9215071457662113
ID_E987B903,0,0.43264197534567816
ID_F1BC780A,1,0.9202379052706872
ID_BA6C0C58,1,0.9168808930432327
ID_A7CB9837,0,0.4070875027581442
ID_5FCD1EA3,0,0.4487937642417174
ID_81A71445,1,0.8828810126812511
ID_667AEDE0,0,0.4622364885178864
ID_2321FB97,1,0.8888913890193789
ID_4738ABDA,1,0.916053081907088
ID_6DF23A45,0,0.32917465616542013
ID_5033C878,1,0.9123206386637046
ID_64691B48,0,0.2918621739985196
ID_B7A3CC04,0,0.4465422068098097
ID_B2F4942A,0,0.3166366540433744
ID_4DA54BA7,0,0.3986750860459568
ID_37CDF050,0,0.25991736386706626
ID_BF308F64,1,0.5155797988524131
ID_23C954B8,1,0.6574525914596046
ID_2CAB42BB,0,0.36657493998233165
ID_28FC36FB,0,0.2872376219886278
ID_E9FB2EE0,0,0.44443470343222113
ID_40E0E560,1,0.5166901929074541
ID_6390D5E3,1,0.5181446679546958
ID_14816EA6,0,0.35988489451971645
ID_0BA591EF,0,0.37290735747136033
ID_3FE2AD00,1,0.5611093660772686
ID_ECE8827F,1,0.9152417764075013
ID_E8447477,1,0.9121657793287224
ID_FC0EEFB3,1,0.5923912277980298
ID_C04F966D,1,0.532027983160688
ID_8A1BB4B5,1,0.9084008045712332
ID_8F7535A8,1,0.9144612827030149
ID_F0E81248,1,0.5576493155411277
ID_BEE12475,1,0.9070938370256273
ID_3C31D099,1,0.9111123873064118
ID_9251B100,1,0.9175677315638809
ID_9B7CB467,1,0.9162484124599869
ID_1361BD75,0,0.45067880835596147
ID_794D8957,1,0.9174962341290062
ID_DFEC4687,1,0.9132930082164659
ID_2942441F,1,0.9159671951882238
ID_A0D3A8EC,1,0.9180876222249434
ID_4B2DB0F9,1,0.510467027621408
ID_D84255BD,1,0.7004315332808133
ID_6AAEAE8D,1,0.9193645215201302
ID_85FA5EED,1,0.6840364193326947
ID_8AEFEADB,1,0.9178829027945278
ID_019770DF,1,0.9190250124502688
ID_993EA802,0,0.4364890817570741
ID_84316E57,1,0.9148510570552022
ID_B05DFB77,1,0.9178499918813503
ID_8DF97D0F,1,0.9185147313981186
ID_7E9F2BAA,0,0.4455731506376959
ID_68029D80,1,0.9185672102787639
ID_85B6C676,1,0.6438001842663351
ID_DF32D72E,1,0.6368545056461998
ID_471C11AC,1,0.9144183289444143
ID_4C672D7E,1,0.6515518025071293
ID_2B9DF127,1,0.9179733895411462
ID_1F7E202E,1,0.9174421549107384
ID_EEFE9B75,1,0.9163381324345424
ID_D12EA07C,0,0.48253614514510207
ID_88FCF4B6,1,0.907390254283601
ID_6E5C17E5,1,0.9098948749317741
ID_F59245FC,1,0.9116969567531858
ID_0562A431,0,0.3923714478474401
ID_56C774E2,1,0.9078836207239805
ID_C640170D,1,0.9104189920231246
ID_A2C7F38C,1,0.9089618710945413
ID_032EDDF5,1,0.6216284897629986
ID_3DAA458C,1,0.9151851845586966
ID_9435A135,1,0.8349622088712545
ID_532CCEE8,1,0.9187325618560807
ID_AA78D0D0,1,0.9156603324409123
ID_02E167CB,1,0.9140659390450737
ID_B366A33F,1,0.9171028287532975
ID_3C0F4D77,1,0.9115424661056083
ID_96239BA8,1,0.9119139228387271
ID_AF250671,1,0.9154113444228891
ID_7FA74CD1,1,0.9190833525892043
ID_7FF7F248,1,0.6076955772327585
ID_F128076E,1,0.919604220091786
ID_F6CE2E6C,1,0.9124906888275384
ID_CD783113,1,0.9188143501973488
ID_401F6ED7,1,0.9172696825709552
ID_051CB1D1,1,0.9173892617345805
ID_4E257780,0,0.451889966830061
ID_32418073,1,0.9151756676766843
ID_D45A4EFA,0,0.43426144127432265
ID_962FAE12,1,0.6865833801602373
ID_6926B74B,1,0.9147430034247521
ID_874FD745,1,0.8467400903301511
ID_FE70B6E0,0,0.47279138485551675
ID_8F1B3020,0,0.41319692417837994
ID_BE933B4B,1,0.9088432428010785
ID_1D341F7C,1,0.9155547136309614
ID_5F4441FC,1,0.6468382492589632
ID_877F9101,1,0.9168854729038939
ID_4B0D8A92,1,0.6168611604643875
ID_E8F4B53D,1,0.896776426104006
ID_3ADC768C,0,0.39802247597570317
ID_90EA271F,1,0.9064978853212146
ID_5537F205,1,0.6321461788688789
ID_0772B55B,0,0.3994717832204752
ID_76953BF3,1,0.7103784134781554
ID_DB7EA21E,0,0.37748410866001914
ID_371647D8,1,0.5588111642803651
ID_719B8D99,0,0.4442533484724049
ID_A9C9D49D,0,0.3389250779383049
ID_199BF069,1,0.6983602892215276
ID_72A59036,1,0.515395211005004
ID_4B36C7FA,1,0.904567528734244
ID_70F36923,0,0.35337714945139703
ID_3F5AD800,0,0.3637097075541548
ID_6C598A9B,0,0.3645177101502823
ID_7E71F6C6,1,0.5877093694925837
ID_EB7B1BD7,1,0.9048016029984335
ID_B8433149,1,0.6806932699564981
ID_65400720,1,0.6864105414600011
ID_F7F14A13,1,0.9148230543336742
ID_46F83BA8,0,0.4508623182437324
ID_61AAA409,1,0.9120416669939448
ID_4B3075F5,1,0.9160603020983388
ID_6E2E13F5,1,0.7416264906797463
ID_EE74BE9C,0,0.4332657381906505
ID_2F932C81,1,0.9115216531959305
ID_B7A07307,1,0.5236497986793851
ID_3A6CEA33,1,0.9100480823938881
ID_26D068A6,1,0.9076089378569471
ID_62D6E61B,1,0.9152671656475826
ID_8333AF2A,1,0.9109077384895442
ID_EF55E066,0,0.44917134623971267
ID_E46278DA,1,0.9110786346345109
ID_5567010E,1,0.9140926895794703
ID_682474AC,1,0.9051365019109128
ID_F97320F6,1,0.908140695076396
ID_1C986462,1,0.9076577394968186
ID_27318359,1,0.9108191282132959
ID_222270DC,1,0.9131978563687413
ID_52DEE93A,0,0.4734759662954449
ID_5FBD00D7,1,0.583426841492399
ID_9C9B5558,1,0.9126047847166096
ID_532A51AC,1,0.6375962723470713
ID_97B1AD5B,0,0.4269794352263038
ID_056ADE94,0,0.45638190073039697
ID_FBAA0AD5,1,0.6032427149851338
ID_2361B215,1,0.9019756393300546
ID_AE60B971,1,0.6732849769549245
ID_0DA0353F,1,0.9039045236300568
ID_5C28F7B4,1,0.9107792401219469
ID_9E57007E,1,0.9065877608625991
ID_B5E06820,1,0.5387582078512616
ID_70A6F678,1,0.6693340659932066
ID_3EEFB9A3,1,0.9062859294948733
ID_E1AF8A93,1,0.9084139676673846
ID_7EB7C52F,1,0.5134136379064431
ID_5725278D,1,0.7768616839283403
ID_A684C083,1,0.9107183655234948
ID_CFF6D4D0,0,0.46683909001821483
ID_EA510978,1,0.9151955671354647
ID_109BC4B4,1,0.9183882309707844
ID_B841EDCE,1,0.7001946138115225
ID_990D7AA6,1,0.920421775961191
ID_D38EE3ED,1,0.8236934875046018
ID_FBA0B573,1,0.5427371692286597
ID_13B4C990,1,0.5715373839051013
ID_9CAB28AC,1,0.9095868142363136
ID_123A6C18,1,0.9182944204536795
ID_93C780E9,1,0.910119196104654
ID_18B398CF,1,0.904236538216497
ID_F41DBBC5,1,0.9144841309800846
ID_A6E2BDB2,1,0.9112065383113408
ID_1746BF7E,1,0.9118620316988145
ID_9EEC3A93,1,0.9114086970209191
ID_1E192E61,1,0.6353501666815614
ID_5AC55F7F,1,0.9158488612232875
ID_9D362AC5,1,0.6586704226589644
ID_1275E770,1,0.9175035181677077
ID_F43E568D,1,0.914995744610169
ID_E7DB224A,1,0.9158845891548573
ID_713D4B6F,1,0.9185092353305996
ID_42C9E95A,1,0.9070704655682472
ID_14555504,1,0.9143518071533216
ID_FAB43532,1,0.9137184733910034
ID_9A78E971,0,0.3618976240306274
ID_948A28A2,1,0.9169523225709755
ID_5BCEC81D,1,0.9021805010268132
ID_FF8E2666,1,0.9132149288368817
ID_4B87620A,0,0.36631725762763323
ID_0E1B50C7,1,0.9208040135451413
ID_773026A8,0,0.35527389302523016
ID_786C9CA9,0,0.3868092454094713
ID_9A4B8C5D,1,0.9134226539425339
ID_49927622,0,0.41458885834923176
ID_87280DBC,1,0.9214738795982623
ID_1AA72786,0,0.4187054977961695
ID_B9B800E4,1,0.9191193347810731
ID_F5E9FDA7,1,0.9173944761463028
ID_00C07212,1,0.5721103634766487
ID_7192AC47,1,0.5660444338880585
ID_840B6CE1,1,0.9096590200409211
ID_7A33DEB0,0,0.35778559030229384
ID_9342D705,1,0.9179693417306385
ID_8911C6F3,1,0.6680922829302123
ID_01EE4352,1,0.6453803966135075
ID_392ED006,1,0.5135293850323468
ID_7D020A3E,1,0.913014038290751
ID_2D47B733,1,0.6343643005789767
ID_E09C36B0,1,0.5046814445516707
ID_5AAD02C3,1,0.9057203202205444
ID_544FBFA3,1,0.9110555476292178
ID_78523CE4,1,0.9091206647106669
ID_2C0D9992,1,0.9079984148079409
ID_1D19FEA3,0,0.4082754604145829
ID_C0A344A2,1,0.5695446708309327
ID_BB944785,1,0.9112512559651869
ID_8570E515,0,0.3821639491531316
ID_63F6942D,0,0.32388165849424283
ID_47DBCF7F,1,0.9113328617419898
ID_936F5D06,1,0.6744516297945929
ID_7DEFA08D,1,0.917363644886837
ID_0C58A90D,1,0.9095732196703816
ID_DC0FBDBA,0,0.3189355213660217
ID_81632C01,0,0.29925977035561663
ID_FAD9AB1A,0,0.3248869925770829
ID_091374DA,1,0.9052781060895261
ID_C304B191,0,0.3038168929548509
ID_8FA929D9,1,0.9050378718258595
ID_41F626A9,1,0.6344408426984433
ID_F2CDE152,1,0.9076158692860252
ID_9939F007,0,0.3679460349495464
ID_91EF5C97,0,0.3445363691189296
ID_4E899BF0,1,0.5551842388138757
ID_C934BA5F,1,0.9034242864486289
ID_15900459,1,0.9099914203593896
ID_5B3B35D8,1,0.9134852564918655
ID_B8111312,1,0.9076120791784094
ID_3B0EFBAB,1,0.527550823396806
ID_D7816F53,0,0.46579439748247353
ID_C4FA9A63,1,0.521715305108491
ID_689E3F3C,1,0.9129415919445495
ID_CA06AE89,0,0.30916534709787097
ID_B2C94A50,1,0.6451513911715288
ID_21E01D6F,0,0.2815422411414139
ID_5A2EA94E,1,0.8984417502215588
ID_7F5CD946,1,0.5449374194726503
ID_8B0BBB9A,1,0.5477356510271415
ID_BA99B0DF,0,0.40071881903563455
ID_F408FBA7,0,0.4645366008850905
ID_AF0F2F12,0,0.40989468120101663
ID_1870213C,1,0.6305641378418859
ID_2874319C,1,0.6229922447770169
ID_2755AA0D,1,0.615408032273525
ID_3CFB1830,0,0.44138745010574054
ID_CE98E9D2,1,0.909181961832321
ID_7C5BF1F8,1,0.5933368920375189
ID_49686BE8,1,0.9121350126676014
ID_B49D4FD7,1,0.9153264084737959
ID_65E962DA,1,0.9126634605753664
ID_0CE994FA,1,0.9135118964938101
ID_EABB3781,0,0.46670043673592926
ID_0CF208A1,0,0.3990019467912229
ID_6FDB0FE5,1,0.9113107189395526
ID_1654D304,1,0.918356711380625
ID_E21149F8,1,0.8971068118765494
ID_472E6965,0,0.34419492546818214
ID_EE3D2F76,1,0.9073874043954068
ID_E2FB9F7C,1,0.9033698316603561
ID_81E96BF3,0,0.34363828115707057
ID_B1BB9AEA,1,0.5221844309791593
ID_D0FB9038,0,0.2641773173944853
ID_9B37F983,1,0.905461851949415
ID_F3D0FD01,1,0.9128613538616371
ID_1DE98600,0,0.33550871067001903
ID_6D8EA30A,1,0.9140470168225849
ID_30C55FE3,0,0.3006305962281751
ID_E17E370A,1,0.9080559112814809
ID_2C45D8AB,1,0.9046356459237466
ID_33082C3E,1,0.9141428707484078
ID_B1B3A6F0,1,0.8979707942071045
ID_44FA87BB,1,0.9060951445268804
ID_E6B1C982,1,0.9125715863869083
ID_76BABA2F,1,0.9095418080389973
ID_A53937E5,1,0.9095721675556018
ID_3422A1CA,1,0.5957269278662823
ID_56D6B46F,1,0.9070552730911944
ID_D35FCDC2,1,0.8490630218524156
ID_11DC963B,1,0.9142307535527796
ID_F9664879,1,0.9014245762950965
ID_0299D0E8,1,0.913670706695805
ID_BFCFB4B3,1,0.9074759757837825
ID_CDADA7CA,0,0.2998841599035383
ID_2E63E38C,0,0.24638137951906325
ID_5188D2A4,1,0.9121581014602644
ID_97CF6588,1,0.9108795796060606
ID_E1F7EB72,0,0.4935211883075623
ID_737BBF10,1,0.5110817840907872
ID_4CFAC288,0,0.4185651393062815
ID_B8A06CE5,1,0.9086048033710388
ID_26F5D73F,0,0.4793764274945292
ID_7B1FF645,1,0.9085061529348665
ID_2EC547B4,1,0.6268660451163939
ID_D24ACDA6,1,0.9100414306765876
ID_F1B7203B,0,0.3245566816512862
ID_7FAC693D,1,0.9035410645183833
ID_E591B3CD,0,0.24184213315933162
ID_AAE6FAD1,1,0.9077257026322743
ID_AA649819,1,0.9041158868004041
ID_9EC112E0,1,0.907365302948822
ID_F41271B0,1,0.906244916324362
ID_5091E3FA,1,0.6442559997938041
ID_54B881C5,1,0.9103041521799268
ID_F544D34A,0,0.25742404452867
ID_42078A4F,1,0.8964216622985426
ID_3206C9FE,1,0.5034080672130161
ID_B3D6AE03,1,0.9064314579968469
ID_882B591B,1,0.9031000295334817
ID_AAD80969,0,0.2198673692294334
ID_0E971FAE,0,0.24551474340423612
ID_C6D1DF0F,0,0.23275436855518206
ID_28DBEBF9,0,0.24013903450510027
ID_076A5F43,0,0.48657476045597275
ID_36C8AF99,1,0.902610929240898
ID_64EF7896,0,0.30712589654942085
ID_2AC9E359,1,0.9109284542328058
ID_F614A63A,1,0.5140231988777842
ID_563DBABA,1,0.9093675963538737
ID_EB1FA3B5,0,0.23142087773293402
ID_9A01F83E,1,0.9024847069551045
ID_A74C59C8,1,0.5187467380195614
ID_DD58175D,0,0.4957775236194574
ID_382F9997,1,0.9044613445737314
ID_35848939,0,0.44464999194098886
ID_E9B2D588,0,0.31391691474951866
ID_B03843C1,1,0.9016678484639216
ID_303B4B7F,1,0.902707195520672
ID_099199E9,0,0.22957646132631104
ID_DC87A899,0,0.23986306250585132
ID_79378933,1,0.5258607585857626
ID_41F3F0DB,1,0.9080180264664578
ID_968D52A6,0,0.397787973712781
ID_CAB0FF2A,0,0.22701128810845095
ID_DCEF8419,0,0.24230775855143602
ID_CE63260A,0,0.35600114567225066
ID_DE436165,1,0.909298001046713
ID_E608D60B,0,0.20749650677732454
ID_E8E1FBD7,1,0.9022097931721166
ID_1E498B57,0,0.22372213629345536
ID_B451EEA7,1,0.8976447780333031
ID_7377A417,1,0.5982981393585753
ID_EBCDB127,1,0.9051859751530678
ID_B1B6D17D,1,0.5327516054631394
ID_463ACCCC,0,0.4010628981368403
ID_4B6C020F,1,0.9071974540223805
ID_50DE2099,0,0.40957539854140973
ID_BF9E62F4,1,0.9121182757217728
ID_302B988D,1,0.5701608953813758
ID_6D313E5B,1,0.9114470562259567
ID_F6EA2C0C,1,0.9035797983932886
ID_B754479B,1,0.5008886970180744
ID_49D7DA98,0,0.320632097958327
ID_FA11B039,0,0.338189344164856
ID_A94E4ABD,1,0.746257860836625
ID_89069D96,0,0.30290301250475826
ID_3BE6B468,1,0.9075457866187531
ID_F21D2629,1,0.9053955221803374
ID_9DFD825B,0,0.3066467182703196
ID_987CE5E3,0,0.3748489925545109
ID_C21041C9,1,0.9159727651257693
ID_F8E7863F,0,0.36860368840099106
ID_3085B625,1,0.9172214534194411
ID_91A23E88,1,0.9073816186771848
ID_3FCC2A69,1,0.8879058804583246
ID_A873FF56,1,0.9078401322191357
ID_EEC09DEC,1,0.9149985464401564
ID_09CE5707,1,0.9140030476654233
ID_3CFCFF9A,1,0.9109226044944058
ID_B2346D84,1,0.9147653765349036
ID_09C6FE91,1,0.9072722145671319
ID_94B070D2,1,0.5515282381212299
ID_9FA29A95,0,0.4532788916931969
ID_F1090F03,1,0.9094300606527927
ID_99156C00,1,0.9017264655821536
ID_8BA9045C,1,0.9095495178754177
ID_CDA60986,0,0.183956836161049
ID_AAB574B6,1,0.9018613000041956
ID_7A1B5366,1,0.9100239230103806
ID_8D5815FA,1,0.6246487858119655
ID_8BEFF27C,1,0.9178166985869823
ID_CBD940F9,1,0.9166620430761481
ID_58F1C5F5,1,0.9037068797195242
ID_F8E7705D,1,0.5548431957636061
ID_7E02C17F,1,0.8991831797621084
ID_B8346107,0,0.31059494467989973
ID_3BA5F88C,1,0.907548093803524
ID_46928C1A,1,0.9071422789769132
ID_45094378,1,0.9005917347839768
ID_F3BDB14E,0,0.36316272013002315
ID_8C7E82F8,1,0.8932668271702462
ID_356EBF60,1,0.9088205231368504
ID_DACBBD85,0,0.2365628353071311
ID_BFE0234F,1,0.8980372651455207
ID_EB18A321,0,0.2396846303918855
ID_A6D702B7,1,0.9047979848099433
ID_04DD0D77,1,0.7044045342838429
ID_BB01F488,0,0.38302043340097086
ID_AECECAA4,1,0.7453425575249812
ID_2319E085,1,0.9110349296882816
ID_6DD27B4F,1,0.8982615291935035
ID_77C92125,1,0.904974620717436
ID_E9985D15,1,0.5478068242020651
ID_229F1917,1,0.9116104643279574
ID_7AE3CAC6,1,0.9101223259376524
ID_25F697A3,1,0.9083005749486647
ID_A571168B,1,0.9058001532629248
ID_B2DA3DCC,0,0.27102460547486634
ID_754FBABE,1,0.9060736608829222
ID_5032173B,1,0.7503705490429529
ID_F8CF01E9,1,0.8898298104735868
ID_77AD88EC,1,0.9062800883637924
ID_C59E900F,0,0.4666910020985128
ID_618B9562,1,0.9032680312567224
ID_46524AA7,1,0.5685132754416787
ID_DBED9C34,1,0.8904506604919011
ID_E2F592AB,0,0.29999553025281794
ID_13763A0A,1,0.9102543140234285
ID_6584C399,1,0.9071984786985287
ID_027D1FF2,0,0.47664069099711237
ID_7CFBC22D,1,0.9007113287037732
ID_C06834DA,1,0.5200836899065064
ID_FE0FF944,1,0.7634635367290831
ID_7FCD47D2,1,0.9051135890818472
ID_BBF62A0C,1,0.8945749214280568
ID_E906B3CB,1,0.8983993226922774
ID_285B477A,1,0.8978696478649582
ID_16485879,1,0.9006793531899637
ID_675FC7FA,1,0.9048215528130581
ID_DE9EE061,1,0.9101410149429731
ID_FA196174,1,0.9106435458032011
ID_0BB3B2EB,1,0.892983535907478
ID_AD37D05E,1,0.907798136738434
ID_54C88E9E,0,0.4481713013084324
ID_3F138D6C,0,0.43241545220328215
ID_88CAE640,0,0.3914178511806993
ID_96774B0A,0,0.31091356646123613
ID_5F993DC3,1,0.9014845029862099
ID_2966F18D,1,0.7786479559520804
ID_A77318D0,1,0.885170763012541
ID_1C8C238A,1,0.9091032132196084
ID_EAF569D4,0,0.290707643103965
ID_1021C45E,1,0.5656102820169683
ID_CB5F44E3,0,0.385819218159022
ID_F938B1E1,1,0.5452977362782083
ID_813F55CD,0,0.23146209124087744
ID_3EC7D5AE,1,0.9050173780490818
ID_71064EC1,1,0.9066564257103954
ID_E920C61F,1,0.9178796888854721
ID_1154F4ED,0,0.35808597591009816
ID_6D6AD6DD,0,0.33062340126944084
ID_69B133D7,0,0.30927733580128375
ID_226E739C,1,0.6641015012156434
ID_5EB384E7,0,0.3277523893510093
ID_343AF679,0,0.40734661024179775
ID_A66A7B54,1,0.8885089957760258
ID_10686B68,0,0.28016248629188856
ID_51F0EEF9,1,0.9015167239698415
ID_35136830,1,0.9022035251126378
ID_80F99E06,1,0.5010297122097583
ID_F2135D0E,1,0.8943256947426942
ID_86385DE9,0,0.33125657644593676
ID_2C6A24F5,0,0.21305646022710195
ID_01930656,0,0.23162660398028975
ID_2045D210,1,0.903617710524207
ID_3E3FD267,0,0.24718754038616647
ID_439BAA21,0,0.20498119662430755
ID_81F29313,1,0.6158489367004308
ID_82B23887,1,0.911860615168337
ID_F248F158,1,0.8994212276687978
ID_7834C270,1,0.8913963366054238
ID_0F39F307,0,0.28166826353373464
ID_4D357587,0,0.47097291537562075
ID_CB8C7FC0,1,0.896739826081418
ID_9315CAF0,1,0.8945503173067412
ID_12E68B57,0,0.3359607293460825
ID_8D8F789D,1,0.8954209845760562
ID_74EADF28,1,0.9057950272193749
ID_536A6DBC,1,0.9000800154918334
ID_3377A8AB,1,0.9050640509088403
ID_498C39A9,1,0.8936956830195768
ID_CA874018,1,0.5061003359245323
ID_E6D9ABB0,1,0.9016082526315664
ID_6A63EA8F,1,0.5502059335123475
ID_996EAA66,1,0.9095116709969633
ID_D6C7F336,1,0.8908113430136368
ID_0FCFA51D,0,0.3098549881071255
ID_825BF98C,1,0.9049180382203063
ID_3918F407,1,0.8961437807603816
ID_DBC37E40,1,0.5019855318984409
ID_C854A596,1,0.8951442278682983
ID_716754D3,1,0.8965407192558024
ID_E312B5F1,0,0.28119820163227266
ID_70C24D73,0,0.4342140091080683
ID_569A1AC9,1,0.8842168629055023
ID_707C2916,1,0.8948310211590964
ID_0D93CC80,1,0.8984301919834403
ID_136D179F,0,0.48134046179794626
ID_FD7104D3,0,0.21295005698158992
ID_15396813,0,0.3396301877870066
ID_D89FA3F8,1,0.5812375854183672
ID_E308FE82,0,0.21711425237949095
ID_84CD0003,1,0.8965253301646383
ID_5B04ACA0,1,0.8941739210949139
ID_D46ACFEB,0,0.2928052587428648
ID_22D9DBCB,0,0.2553412113570836
ID_A1A026D9,0,0.24760890229000307
ID_9024FD7B,1,0.895986481379907
ID_B2C93644,1,0.8897411975453859
ID_FB39175E,1,0.50471372195939
ID_1DB32B9D,1,0.6143220469189373
ID_90C6A3D0,1,0.8867406854796585
ID_846D8421,1,0.8988915321693256
ID_941E8BDE,1,0.894482296917989
ID_CB5439AA,0,0.29994400279242855
ID_9F0A3029,0,0.47051760970492534
ID_6DD0764E,1,0.5689636477097304
ID_BF079D9B,0,0.47336328604498795
ID_B5A62F88,1,0.7686690673176876
ID_51E638D8,1,0.8977758939361989
ID_C27F2A95,0,0.4481618623773674
ID_810F9EF0,1,0.5057925413101735
ID_7FBEF275,1,0.8847792756471299
ID_609394D9,0,0.3623654302468177
ID_E2EB39B2,0,0.2866255680576682
ID_5BB483C7,1,0.9026094475471863
ID_3ACA4301,1,0.8965219968329371
ID_A791B2D6,1,0.5414244612434024
ID_921C784B,1,0.6213637665302914
ID_177D2958,0,0.3695045397978427
ID_D35A3A4F,1,0.9016861880080626
ID_072F6799,1,0.8984752373008437
ID_1D00052B,1,0.9040428222413124
ID_CCA8BDAB,1,0.8987032587206517
ID_D0A99844,1,0.8991133855988445
ID_F8009D80,1,0.8235412818456443
ID_AFB4934C,0,0.32231500449012945
ID_C491377E,0,0.282589350101524
ID_B4F9E365,1,0.9141605668453172
ID_84A6A866,1,0.5446609240002288
ID_2F1547ED,0,0.23257785998197922
ID_528E3E1F,0,0.3579985890542966
ID_1B2D8DA3,1,0.8998779716188285
ID_4D0BE9CE,0,0.46324083098285307
ID_E9456C2F,0,0.16267570650906812
ID_D46D8868,1,0.7186291887745915
ID_0D076EF3,0,0.44793041033211906
ID_F70D46BF,1,0.6221380707359507
ID_63788172,0,0.4382496665445061
ID_84481A28,1,0.9113432805579841
ID_8B0FD419,0,0.34881717087304276
ID_88FBD9FE,1,0.899723369841336
ID_AFF92F3B,0,0.4789528538945411
ID_4620C088,0,0.21927286429398546
ID_D416683A,1,0.5770481044574438
ID_951DDB23,1,0.8980675907731451
ID_AF3466F9,1,0.615538924456551
ID_0256959F,1,0.5780627529515836
ID_27EAF684,1,0.5421474569026555
ID_8E1CFC61,1,0.8992217580213892
ID_2F705845,0,0.29944517336289483
ID_0A870699,1,0.8944642866615061
ID_CD27AC3C,1,0.8988124589460759
ID_2C9E9B22,0,0.4668983066395133
ID_ECEF8B2C,1,0.5384392316479457
ID_8987366A,0,0.25226274809917293
ID_D4F9857F,1,0.582659621769472
ID_761512B5,0,0.21379050506728123
ID_61CC884E,0,0.24461306266308064
ID_BA5A8386,1,0.9028421309225682
ID_42AD4C93,0,0.23232512078246337
ID_ECF4B640,1,0.6265183669374236
ID_BBAAC453,0,0.45489493121156377
ID_2A52C626,0,0.4636737349896303
ID_2FC523DC,1,0.8992541690359871
ID_86823F0B,0,0.3087357252912082
ID_B8FC1F2F,0,0.4247180263247755
ID_E925B66F,0,0.2381219445459538
ID_EA5BFDFC,0,0.3488410473655714
ID_A8162D4B,1,0.7665384787540215
ID_3A26993B,1,0.5094247679424632
ID_4E786A09,0,0.2593442355234722
ID_24772B21,0,0.3353367756931274
ID_A4A2D7C7,1,0.881204902896194
ID_95F38480,0,0.25079849415073346
ID_B5DAA9EB,0,0.4299263466443521
ID_B12865A6,0,0.3825821191598921
ID_DE54B4C0,0,0.23440598351720363
ID_8947AF2C,1,0.8972906438177598
ID_3F6E9CE1,1,0.5303401777438775
ID_622D8A31,1,0.8978715082188942
ID_D224B5BE,1,0.6067964315460412
ID_134EC5DE,1,0.6184675437283388
ID_1C941F23,1,0.9080755596561512
ID_92050DCB,1,0.5945438421416808
ID_F3C39475,1,0.6372193993915862
ID_95A802BA,0,0.31563498211308205
ID_FB341D39,1,0.9014451761650353
ID_9871A190,0,0.2838925995827231
ID_86247DBC,1,0.5606955387775371
ID_FB3C08D5,0,0.4782848088764838
ID_1877818E,0,0.4568974170399086
ID_91980D61,0,0.39042881309452193
ID_459CFCFF,0,0.4709827315031999
ID_52E765DB,1,0.907221335825328
ID_88E7F564,1,0.9044390074740306
ID_23875176,1,0.9032528529164879
ID_540A7CD2,1,0.9046856774477898
ID_9F62E63D,0,0.16571747345355725
ID_167CF914,0,0.29591088393957704
ID_985AE903,0,0.4541565162497514
ID_40A1C103,0,0.3329533059598601
ID_B5CD7941,1,0.9057530736998299
ID_E2EE0B60,0,0.4915921643893882
ID_5BFDAF55,0,0.22817881443609325
ID_B853DFB5,0,0.1898972197095534
ID_9ACC49DA,0,0.4817526893783325
ID_0E2726F9,0,0.16058086477256353
ID_178E6372,1,0.5133209301338525
ID_B774E80B,0,0.20471192416133738
ID_B41C407F,1,0.6195952511048717
ID_1A16618C,0,0.3441839817561119
ID_7A38355E,1,0.8961844324694774
ID_B95E2884,0,0.2784969811999805
ID_486C0198,0,0.3959315839057096
ID_DC8E3C88,1,0.8952637529981178
ID_22D77532,0,0.41558901671596665
ID_C8D6B3EE,0,0.39835518849777485
ID_BFF5DE26,1,0.8945904710078196
ID_A72C1369,0,0.22798807941511906
ID_5062503C,1,0.8940416348643899
ID_A2F2E5E6,0,0.294264637172607
ID_5BAACDFE,1,0.8937519384006697
ID_F6AFCC99,1,0.8974837709593525
ID_F54AA6DE,1,0.8922023030878714
ID_5D247138,1,0.8934531200179516
ID_5F839CA2,1,0.8906678212848272
ID_D04A96CC,1,0.6446336115063145
ID_9A614080,0,0.24395950891821266
ID_1731B0E1,1,0.7730762640189643
ID_E012245E,1,0.8923164749469259
ID_4588F2E5,1,0.8914870689825564
ID_8454A209,0,0.24213229281674276
ID_9293E58F,1,0.7408591241786229
ID_8D84F4BA,1,0.8933949036444682
ID_7623AA39,0,0.18029399981930533
ID_ED18E367,1,0.5040869264022888
ID_98E829DD,0,0.4142704533830623
ID_22BFF34D,1,0.9060042128124631
ID_0167AD33,1,0.898217498876117
ID_76A60DA1,0,0.19027704001766713
ID_04F500FF,0,0.42501660581331446
ID_46ECC605,1,0.5946147366731516
ID_614EEDC9,1,0.8974655160549427
ID_6FECC7E5,1,0.6165282661528287
ID_2C9C0305,1,0.9014404890874081
ID_F7B32980,1,0.8856490897178733
ID_BBD58F09,1,0.8919090835376697
ID_302E21FD,1,0.8979910559336003
ID_2A383365,1,0.8762099510962489
ID_52FBB47E,0,0.4856943055940033
ID_31CAA276,1,0.87018268057931
ID_37081CA2,1,0.8866044610562431
ID_CB8E4CF3,1,0.8894827739601968
ID_F47B39FB,1,0.6032319309314342
ID_FCC643CF,1,0.672415552542984
ID_27D6A018,0,0.24247207428656023
ID_4FD92E7F,1,0.8957377583727598
ID_5EA52FD4,1,0.9049333751318924
ID_B617A0B2,1,0.9043035693690095
ID_782478AF,1,0.7638633038567031
ID_38EC8944,1,0.6974970891577148
ID_1ACDD97F,1,0.9056819236866774
ID_9EDB4157,0,0.33904715919046274
ID_05CC5051,1,0.9001744660840177
ID_A8D54989,0,0.18328649969726596
ID_FE510473,1,0.8869792638587426
ID_04B8CE61,1,0.6558036129333444
ID_3B5B271A,1,0.8786233030684776
ID_1DEE523A,0,0.2008069073763792
ID_1E95D879,1,0.9014019404656747
ID_71B160EE,1,0.7498778145171496
ID_2A596B35,0,0.2298724564606224
ID_15486BB9,1,0.8821320310471573
ID_C0ABA923,0,0.19938871978819983
ID_B3BE1FE9,0,0.49603609576445173
ID_F50E013F,1,0.8854905860127746
ID_3F61C60B,0,0.18899118938013607
ID_3F1E2CD8,1,0.8995899063135591
ID_0A971289,1,0.8990901567409514
ID_03E2D383,1,0.9003289529663031
ID_5D204076,1,0.8901582799336778
ID_0686654B,1,0.5669028742182352
ID_D0B4DE66,1,0.6784708267895667
ID_7126CFA9,1,0.9006960090427298
ID_A2486114,1,0.900872867977439
ID_5E476866,1,0.8960934449679892
ID_D7E29E78,1,0.878626388671934
ID_A401EE14,1,0.9009521026451435
ID_4FC64B34,1,0.898761543593815
ID_D4F633DD,0,0.48310205496603464
ID_A0C3071F,1,0.8879704549072734
ID_BBCAFC5F,1,0.882673107564877
ID_9ADBC631,0,0.30263525758393534
ID_7F302EC2,1,0.8892629101901018
ID_6B5C208F,0,0.3593213164406119
ID_83892D2F,1,0.5001945761137426
ID_EFE92331,1,0.8610075323431517
ID_CB26602E,1,0.5029129129278905
ID_9A43B5BC,1,0.8895492966305074
ID_5A135691,1,0.5413395294550152
ID_EE841349,1,0.8908597830768217
ID_75CD9AED,1,0.7080210585909532
ID_5388DDBA,1,0.8929348605319686
ID_E429B966,1,0.8966153270249478
ID_35E9CE90,0,0.2451884538443607
ID_72B016C7,0,0.21057679916101138
ID_CC5072C7,0,0.21180839752381359
ID_9D858406,0,0.45149597801157043
ID_FA606576,1,0.8899762154438141
ID_99410CC9,1,0.8907633597067781
ID_22C205EB,1,0.8967986301259123
ID_006DCA07,1,0.5242933556668011
ID_D3540D0E,1,0.7498370011753741
ID_B181CD3F,0,0.20328309987292847
ID_8F219D52,1,0.6794928581712396
ID_5ED91935,1,0.8076669175546292
ID_771470D7,1,0.8296839604611596
ID_73CAE2AE,1,0.8841445137315643
ID_49EE564D,0,0.20907899531660326
ID_C65FCF01,0,0.2242071537712465
ID_4A540B83,1,0.8863153044136266
ID_D03EB2D5,1,0.6741779799894013
ID_1525DC3E,1,0.8872531144074248
ID_E6A88E0D,1,0.8785423678360882
ID_5D3867EB,1,0.8906647474126567
ID_EA33EC25,1,0.6452705412465276
ID_1D677930,1,0.744727172853871
ID_B53D5B90,1,0.8917764324976902
ID_50FFD280,1,0.8819903152100997
ID_2BDC8AA4,1,0.8743595228747763
ID_B3605B4D,0,0.2645039936167421
ID_AE47F0F7,1,0.8457948090653421
ID_16A018CB,1,0.851020913271696
ID_720785CB,1,0.8560297855375453
ID_B799239D,1,0.8747800611288572
ID_437ED2F1,1,0.756080669521989
ID_7D5813AC,1,0.8279720099045699
ID_D3CAE29D,1,0.6814204284920393
ID_144620C3,0,0.17439270603100882
ID_52C8952F,1,0.644044063394573
ID_884EA7F1,1,0.6906066113173498
ID_E6A9BFC0,0,0.2905091084182239
ID_DBC768CB,1,0.7059987508837567
ID_7784F392,1,0.7553714994135396
ID_7B9B4263,1,0.7476123618618392
ID_B1CF77F8,0,0.2600169955576631
ID_A1A94174,1,0.7605514121629976
ID_CF2E8085,0,0.2624391308507399
ID_DB02126F,1,0.7639460146552032
ID_49882C60,0,0.47139882274720085
ID_C63D56D5,1,0.8317803540651482
ID_02D51717,1,0.780799178283166
ID_954CBC81,0,0.44579832373463796
ID_C055BEFC,1,0.7503041437268526
ID_AC683379,1,0.8080266986647808
ID_9E7DBF53,0,0.303081107956685
ID_5EB875B2,1,0.7599683154448276
ID_5E77E448,1,0.620870963676662
ID_CC3F86C7,1,0.5451721616406765
ID_2F4A5A96,1,0.6359393147546096
ID_8287C57C,1,0.7593832213882779
ID_A6AD2CBC,1,0.7357579391186647
ID_A82A687F,0,0.2826292438144286
ID_701AC83D,1,0.656451069890463
ID_57727844,0,0.3805167569430598
ID_94CEB354,1,0.6326862656736671
ID_50E3E2AE,1,0.7262999735561823
ID_646D617F,0,0.3710994995516309
ID_2E1B02E1,1,0.673390843619217
ID_200A3BC5,1,0.6803625114158768
ID_4AF83B98,0,0.2047567446371142
ID_A325DAA1,1,0.6590911845393072
ID_297F9520,0,0.3354721072515961
ID_50B18C66,0,0.29287988425981965
ID_B888E881,1,0.6363535633777313
ID_6A693FA9,0,0.21266376086186295
ID_F570FEDB,1,0.6311872003468616
ID_13B39D72,0,0.18346138748656132
ID_D992BD42,0,0.14237497029741306
ID_814BFE2A,1,0.6649559860479869
ID_D411550E,1,0.6490350889521488
ID_2892CFC2,1,0.6566907299693376
ID_585EE8A5,1,0.6563178879232411
ID_47F36258,1,0.71842845355796
ID_086BF3D6,1,0.6345001265592678
ID_8CA9541B,1,0.6544186776551528
ID_8002205A,1,0.7115110875266459
ID_85B6A3C2,1,0.6355377523222278
ID_5AD2BD30,1,0.7345658780113127
ID_1963EFB3,0,0.4315209817384674
ID_7395017A,1,0.7575643053330916
ID_E61EC312,1,0.6520030417776901
ID_AB569713,1,0.5435899060764627
ID_E94C9321,1,0.5043068311049087
ID_945A8A14,1,0.5309158373190016
ID_D9505F8B,1,0.6196454684898794
ID_07D37772,1,0.6037076429782453
ID_C9BE095C,0,0.4461933667931192
ID_F95A30AB,0,0.15396482846062068
ID_F5CCC3CE,1,0.5000460686534992
ID_C371D420,1,0.510304804615969
ID_3DEE48F8,0,0.471771665209753
ID_BA75D1F6,0,0.24521791497972942
ID_B41984EB,1,0.580770590613914
ID_131B2628,1,0.6804106466280604
ID_0580C84E,1,0.7113664769727364
ID_C575D4C2,1,0.6084223192755339
ID_D17A03A7,0,0.36060538106449924
ID_7B345817,1,0.7302197158212396
ID_005ED879,1,0.7300060418811081
ID_1690A21F,0,0.3567047816250628
ID_2FD873B7,0,0.4469600827698216
ID_3FA81345,1,0.6702633347782654
ID_88FA7808,1,0.6982379614002853
ID_1F0D149C,0,0.16587669112069228
ID_3376BE57,1,0.732251649488974
ID_131E28BE,1,0.5939757045310207
ID_F2090260,0,0.2855673732162241
ID_08DABC1A,1,0.7226698443648225
ID_52B36550,1,0.7504771546153048
ID_2EDED264,1,0.7186379327083875
ID_8E75754A,1,0.7243157338844175
ID_7287BC35,1,0.6802523333627931
ID_866D32E0,0,0.15472433597776933
ID_578F79E1,0,0.431949892689516
ID_AAB742CE,0,0.22613684978887327
ID_15DCC4A1,1,0.6729930391625027
ID_79856E17,1,0.6502453797637259
ID_48EDA830,1,0.7477268286839792
ID_13E3897A,1,0.684660428701876
ID_339328A8,1,0.7476632910651569
ID_A5B08786,1,0.7397266069623472
ID_76479068,1,0.7141708251248972
ID_213771F2,0,0.37498832174243224
ID_CFE5920E,1,0.6494409309840831
ID_044494D0,1,0.6488859295626503
ID_38964A48,1,0.6312694328035632
ID_AF48463A,1,0.6401298198152172
ID_A47C81B0,1,0.7170618308646539
ID_363BF066,1,0.7517304235131966
ID_319F9F11,1,0.6780604332802272
ID_FA327E0E,1,0.64185198375817
ID_8B47DDFF,1,0.6942256779035432
ID_7C2091B9,0,0.16958054564648897
ID_6EE69B0D,1,0.6225124874073473
ID_3EC4D865,1,0.7263670903188356
ID_6EF127B9,1,0.6783649160621547
ID_6212C6A0,1,0.5410703157590964
ID_73BD9B55,1,0.5182343968621322
ID_48710A33,0,0.40540411604465443
ID_9F378BBA,1,0.5739210592624686
ID_F1F95B68,1,0.6399180842162719
ID_36C7DD36,1,0.6702817337204311
ID_D2049886,1,0.5854810947470361
ID_C587EF64,1,0.6523216949069021
ID_42F42752,1,0.5944807174155312
ID_5079E721,1,0.5584409029471172
ID_BEDC9979,0,0.24519908541333382
ID_EFCB896F,1,0.5659362547606579
ID_193B5730,1,0.6174929588565139
ID_B00D5BE9,1,0.6826702567445848
ID_09CC6075,0,0.40923198093393615
ID_ACB0BFAA,0,0.22445000192438577
ID_919A1A44,1,0.6881090991359442
ID_2553FC19,1,0.7567017149030925
ID_89282CE8,1,0.670036280269442
ID_A4A83A70,1,0.7196878148087164
ID_9D58A389,0,0.31691161936572826
ID_39FEA5BE,1,0.7364873905685868
ID_4DF5742A,1,0.8110854217709719
ID_D89E7EB1,1,0.7463597757314963
ID_378362AC,1,0.7077361749820795
ID_E005FD7B,1,0.653498454439399
ID_6D221F3F,0,0.32888474169069937
ID_1CCA366E,1,0.6809379011793378
ID_3E15F61C,1,0.7127066955703181
ID_B3062E82,0,0.14354021166646716
ID_E7C58C9F,1,0.7446525713022584
ID_9A30F0A1,1,0.6724351233227214
ID_A9E32FDF,1,0.6539265956587577
ID_D1C04988,1,0.7445174044013839
ID_86FD2E5E,1,0.5988308774469777
ID_F85084F1,1,0.5903022067600724
ID_6C79B80E,0,0.32282898445349756
ID_641E6DFE,1,0.644295736233885
ID_7441A196,0,0.19115192987275081
ID_1564B9F5,1,0.640614602721942
ID_931B5FE1,1,0.6298162944523795
ID_637D9E73,1,0.6517206619839442
ID_2C3E9488,0,0.17638016518906038
ID_F54DC975,0,0.37915994254681334
ID_F7FCC396,1,0.6527856609005103
ID_8F61D00C,1,0.623103805879001
ID_890F1B88,1,0.6835759851662222
ID_8FA74192,1,0.6671773275229771
ID_69E42528,1,0.6765244917074985
ID_44325939,1,0.7105947208714847
ID_CF88F53D,1,0.7790648289904798
ID_25AE799B,0,0.15883926925998473
ID_D1479C87,1,0.702199195620102
ID_010986EF,1,0.7836958228933368
ID_7F3812BB,1,0.7766210210128942
ID_9C186D11,1,0.6577240956068564
ID_AE1D5DDC,1,0.6189531956565749
ID_F637D491,1,0.6601933363528051
ID_D851C917,1,0.6781494743159328
ID_E52AD25B,1,0.6801243151513159
ID_C6F9F1B4,1,0.663880822373545
ID_DB23A499,0,0.4112554975054977
ID_57C6B9E3,1,0.6340018015836235
ID_FBEAD3BE,0,0.1744733628126469
ID_D51839F8,1,0.6642812239321798
ID_C222079F,1,0.6418377293679332
ID_E52BA1F9,0,0.36373362885211047
ID_8F82CE3F,1,0.605409953405842
ID_465E85C8,1,0.6454377468407294
ID_73252921,1,0.5616665950717649
ID_88085FD6,1,0.6581768161932535
ID_1880C4DA,0,0.3319781843489533
ID_83DE95DB,0,0.3845338249074158
ID_C42E904C,1,0.7386236767145336
ID_1505E510,1,0.6526646363733526
ID_ABCD6735,1,0.5148225660609818
ID_7F075023,1,0.7383792820607049
ID_A10C2622,1,0.6734490937250331
ID_349450A8,1,0.5970047847118489
ID_56BD98C0,0,0.143443385105466
ID_79652E47,0,0.2799428506880851
ID_153F5F06,1,0.600232860334826
ID_F066081E,1,0.6535168661845528
ID_8BCEDF1C,1,0.6304678078273038
ID_97657485,1,0.6722589476149669
ID_D586D676,1,0.7531856039075258
ID_F5C6DBD2,1,0.6738975301835383
ID_9A09C017,1,0.5945327941456997
ID_17D6C3FF,0,0.4587732454507052
ID_DFBD516A,1,0.7174750125591484
ID_9EF6CCE1,0,0.4441385363330444
ID_7F734618,0,0.1966396744571298
ID_DE3B27E2,1,0.6405391362969269
ID_C88525D4,0,0.25040082255234936
ID_7B1F877F,1,0.6697130509763239
ID_74EC6B97,1,0.691640551786154
ID_B51D88FA,1,0.6642517512429461
ID_4E93276E,1,0.679731445811679
ID_89E21611,1,0.6698086733128892
ID_DA038928,1,0.6314207505900935
ID_41919990,1,0.697728288124085
ID_C7CF54E8,1,0.7493480986259627
ID_013744F3,1,0.7243948052838232
ID_5C7FBC6B,1,0.7648340194894788
ID_BDADE0D7,1,0.7229487708452564
ID_8DF883D2,0,0.3585470688136116
ID_0676190A,1,0.7894128242491454
ID_56E935BA,1,0.7564015488088308
ID_4DF41587,1,0.7488838492675777
ID_3F2C77EB,0,0.19695512562851947
ID_8BDC07EF,1,0.5608432667835106
ID_BF8D1B66,0,0.46739827228073955
ID_451155EB,1,0.6852374037086443
ID_C9349F29,1,0.6881660407637259
ID_36BA6093,1,0.6943190681344606
ID_35CECC9A,1,0.6804781874121915
ID_BBF46F32,1,0.6751243485968385
ID_217B5C98,1,0.7462052354348967
ID_3DBE7E47,0,0.3182406860989762
ID_FA776E81,1,0.7973104659478902
ID_E29DADEA,1,0.5970582040391932
ID_911AD860,0,0.4556384065041546
ID_CAC43CF7,1,0.7077418637234476
ID_A3FBDDCC,1,0.6511072644781414
ID_A6652C52,1,0.5150932073821685
ID_82DEF492,1,0.6714841209364254
